Workbook

Sheet UX Case scores
A1: UX Case Study review | Q1: Enter score | R1: 0
Q2: Very poor | R2: 1
A3: DIU1_NJA | D3: Score | I3: Comments | Q3: Poor | R3: 2
Q4: Moderate | R4: 3
B5: En este Excel no se ha fijado los mismos pesos con los que habeis sido evaluados en esta asignatura. Por el contrario, se ha establecido como tres tipos de aspectos (critico, normal, poco critico) | D5: N/A = not applicable or can't be assessed | I5: Optional - Provide a short rational for the score, such as a description of the issues found; examples of good practice and the likely impact for users. | Q5: Good | R5: 4
Q6: Excellent | R6: 5
A7: Aspectos evaluados | K7: Weighting (out of 5) | L7: Weighting ratio | M7: Rating (0 - 5) | N7: Score | O7: Out of | Q7: N/A | R7: 0
A9: 1 | B9: Introducción en README.md principal. El equipo se identifica y presenta una breve descripción del producto que se diseña antes de pasar a describir cada fase del diseño. | D9: Moderate | F9: =#REF!*#REF! -> #REF! | G9: =IF(#REF!>=0,10*#REF!,0) -> #REF! | I9: Aunque describe los temas que van a ser tratados, le falta una buena descripción del equipo. | K9: 3 | L9: =K9/K49 -> 0.6 | M9: =VLOOKUP(D9,Q1:R9,2,FALSE) -> 3 | N9: =M9*L9 -> 1.8 | O9: =IF(M9=0,0,L9*MAX(R2:R8)) -> 3
A11: =A9+1 -> 2 | B11: P1 - Competitive Analysis. Se tiene una vista clara de las características de las distintas alternativas de servicio colaborativo. | D11: Good | F11: =#REF!*#REF! -> #REF! | G11: =IF(#REF!>=0,10*#REF!,0) -> #REF! | I11: La descripción está bastante completa. | K11: 5 | L11: =K11/K49 -> 1 | M11: =VLOOKUP(D11,Q1:R9,2,FALSE) -> 4 | N11: =M11*L11 -> 4 | O11: =IF(M11=0,0,L11*MAX(R2:R8)) -> 5
A13: =A11+1 -> 3 | B13: P1 - Persona ficticia 1. Las personas ficticias no han sido creadas ex profeso para el servicio. Se les imagina y pueden ser utilizadas en el diseño de otro producto. | D13: Excellent | F13: =#REF!*#REF! -> #REF! | G13: =IF(#REF!>=0,10*#REF!,0) -> #REF! | I13: Muy bien descrita y da la sensación de ser completamente una persona real. | K13: 4 | L13: =K13/K49 -> 0.8 | M13: =VLOOKUP(D13,Q1:R9,2,FALSE) -> 5 | N13: =M13*L13 -> 4 | O13: =IF(M13=0,0,L13*MAX(R2:R8)) -> 4
A15: =A13+1 -> 4 | B15: P1 - Persona ficticia 2. Las personas ficticias no han sido creadas ex profeso para el servicio. Se les imagina y pueden ser utilizadas en el diseño de otro producto. | D15: Good | F15: =#REF!*#REF! -> #REF! | G15: =IF(#REF!>=0,10*#REF!,0) -> #REF! | I15: Está bastante bien descrita pero me da la sensación de que está enfocada a la aplicación. | K15: 4 | L15: =K15/K49 -> 0.8 | M15: =VLOOKUP(D15,Q1:R9,2,FALSE) -> 4 | N15: =M15*L15 -> 3.2 | O15: =IF(M15=0,0,L15*MAX(R2:R8)) -> 4
A17: =A15+1 -> 5 | B17: P1 - Primer Journey Map. Las historias son comprensibles y han sacado a la luz un problema de diseño que es claramente descrito en esta parte o en el informe de usabilidad. | D17: Moderate | F17: =#REF!*#REF! -> #REF! | G17: =IF(#REF!>=0,10*#REF!,0) -> #REF! | I17: Se capta la idea, pero la puesta en práctica deja un poco que desear. | K17: 4 | L17: =K17/K49 -> 0.8 | M17: =VLOOKUP(D17,Q1:R9,2,FALSE) -> 3 | N17: =M17*L17 -> 2.4 | O17: =IF(M17=0,0,L17*MAX(R2:R8)) -> 4
A19: =A17+1 -> 6 | B19: P1 - Segundo Journey Map. Las historias son comprensibles y han sacado a la luz un problema de diseño que es claramente descrito en esta parte o en el informe de usabilidad. | D19: Excellent | F19: =#REF!*#REF! -> #REF! | G19: =IF(#REF!>=0,10*#REF!,0) -> #REF! | I19: Me parece más trabajado que el anterior, y parece una situación completamente posible. | K19: 4 | L19: =K19/K49 -> 0.8 | M19: =VLOOKUP(D19,Q1:R9,2,FALSE) -> 5 | N19: =M19*L19 -> 4 | O19: =IF(M19=0,0,L19*MAX(R2:R8)) -> 4
A21: =A19+1 -> 7 | B21: P1 - Checklist de evaluación. El checklist está bien comentado. En la cabecera se identifica el site que está siendo evaluado | D21: Poor | F21: =#REF!*#REF! -> #REF! | G21: =IF(#REF!>=0,10*#REF!,0) -> #REF! | I21: No he encontrado el sitio que se está evaluando. | K21: 4 | L21: =K21/K49 -> 0.8 | M21: =VLOOKUP(D21,Q1:R9,2,FALSE) -> 2 | N21: =M21*L21 -> 1.6 | O21: =IF(M21=0,0,L21*MAX(R2:R8)) -> 4
A23: =A21+1 -> 8 | B23: P1 - Informe de usabilidad. Se ha recopilado los problemas de usabilidad del sitio a partir de los journeys y el checklist, de forma que junto con la puntuación se resume los aspectos débiles (quizá también los fuertes) | D23: Good | I23: Bien comentado junto con el informe de usabilidad. | K23: 5 | L23: =K23/K49 -> 1 | M23: =VLOOKUP(D23,Q1:R9,2,FALSE) -> 4 | N23: =M23*L23 -> 4 | O23: =IF(M23=0,0,L23*MAX(R2:R8)) -> 5
A25: =A23+1 -> 9 | B25: P2 - Feedback-capture-grid. En todos los cuadrantes aparece datos y hechos sobre aspectos concretos positivos, negativos, posibles comentarios de los usuarios y nuevas ideas de diseño. | D25: Excellent | F25: =#REF!*#REF! -> #REF! | G25: =IF(#REF!>=0,10*#REF!,0) -> #REF! | I25: Excelente, más de lo necesario. | K25: 5 | L25: =K25/K49 -> 1 | M25: =VLOOKUP(D25,Q1:R9,2,FALSE) -> 5 | N25: =M25*L25 -> 5 | O25: =IF(M25=0,0,L25*MAX(R2:R8)) -> 5
A27: =A25+1 -> 10 | B27: P2 - Propuesta. Existe una descripción más amplia del producto que se va a diseñar o bien en la introducción, o bien tras la malla receptora. | D27: Moderate | F27: =#REF!*#REF! -> #REF! | G27: =IF(#REF!>=0,10*#REF!,0) -> #REF! | I27: El objetivo es claro pero me faltan algunos detalles de cómo se va a llevar a cabo. | K27: 3 | L27: =K27/K49 -> 0.6 | M27: =VLOOKUP(D27,Q1:R9,2,FALSE) -> 3 | N27: =M27*L27 -> 1.8 | O27: =IF(M27=0,0,L27*MAX(R2:R8)) -> 3
A29: =A27+1 -> 11 | B29: P2 - Tasks. Las ideas de diseño se convierten en tareas asociadas a edición, consulta, búsqueda, etc. Se ha realizado un User-Task-Matrix, bien descrito y con datos | D29: Good | K29: 5 | L29: =K29/K49 -> 1 | M29: =VLOOKUP(D29,Q1:R9,2,FALSE) -> 4 | N29: =M29*L29 -> 4 | O29: =IF(M29=0,0,L29*MAX(R2:R8)) -> 5
A31: =A29+1 -> 12 | B31: P2 - Tasks. Las ideas de diseño se convierten en tareas asociadas a edición, consulta, búsqueda, etc. Se ha desarrollado un User-Task-Flow, donde que el flujo es completo y si no se han omitido pasos ni tareas | D31: Moderate | F31: =#REF!*#REF! -> #REF! | G31: =IF(#REF!>=0,10*#REF!,0) -> #REF! | I31: Creo que podría haber más tareas. | K31: 5 | L31: =K31/K49 -> 1 | M31: =VLOOKUP(D31,Q1:R9,2,FALSE) -> 3 | N31: =M31*L31 -> 3 | O31: =IF(M31=0,0,L31*MAX(R2:R8)) -> 5
A33: =A31+1 -> 13 | B33: P2 - Site map. Se diseña una app y se entiende qué información se va a mostrar en toda su extensión. que el contenido se ha detallado y que los términos que se emplean nos llevan a un único concepto y no son ambiguos. | D33: Excellent | F33: =#REF!*#REF! -> #REF! | G33: =IF(#REF!>=0,10*#REF!,0) -> #REF! | I33: Muy completo. | K33: 5 | L33: =K33/K49 -> 1 | M33: =VLOOKUP(D33,Q1:R9,2,FALSE) -> 5 | N33: =M33*L33 -> 5 | O33: =IF(M33=0,0,L33*MAX(R2:R8)) -> 5
A35: =A33+1 -> 14 | B35: P2 - labeling. Los términos que se emplean en el site map nos llevan a un único concepto y no son ambiguos. Esta tabla puede venir con una columna de iconografía. | D35: Excellent | F35: =#REF!*#REF! -> #REF! | G35: =IF(#REF!>=0,10*#REF!,0) -> #REF! | I35: No da lugar a dudas. | K35: 5 | L35: =K35/K49 -> 1 | M35: =VLOOKUP(D35,Q1:R9,2,FALSE) -> 5 | N35: =M35*L35 -> 5 | O35: =IF(M35=0,0,L35*MAX(R2:R8)) -> 5
A37: =A35+1 -> 15 | B37: P3 - Bocetos coherentes con el diseño. Comprobar que los bocetos siguen el diseño y muestran las tareas más importantes, se navega como en el site map y emplea los mismo términos que en el labeling | D37: Excellent | F37: =#REF!*#REF! -> #REF! | G37: =IF(#REF!>=0,10*#REF!,0) -> #REF! | I37: Con gran nivel de detallle e incluye todo lo necesario. | K37: 3 | L37: =K37/K49 -> 0.6 | M37: =VLOOKUP(D37,Q1:R9,2,FALSE) -> 5 | N37: =M37*L37 -> 3 | O37: =IF(M37=0,0,L37*MAX(R2:R8)) -> 3
A39: =A37+1 -> 16 | B39: P3 - Bocetos. Evaluar el nivel calidad y extensión de los propios bocetos. | D39: Excellent | F39: =#REF!*#REF! -> #REF! | G39: =IF(#REF!>=0,10*#REF!,0) -> #REF! | I39: Muy trabajados. | K39: 5 | L39: =K39/K49 -> 1 | M39: =VLOOKUP(D39,Q1:R9,2,FALSE) -> 5 | N39: =M39*L39 -> 5 | O39: =IF(M39=0,0,L39*MAX(R2:R8)) -> 5
A41: =A39+1 -> 17 | B41: P3 - Logotipo. El equipo ha querido dar entidad a la propuesta con el diseño de un logotipo | D41: Poor | F41: =#REF!*#REF! -> #REF! | G41: =IF(#REF!>=0,10*#REF!,0) -> #REF! | I41: El logotipo no es el punto fuerte, algo demasiado común y que no tiene mucho que ver. | K41: 3 | L41: =K41/K49 -> 0.6 | M41: =VLOOKUP(D41,Q1:R9,2,FALSE) -> 2 | N41: =M41*L41 -> 1.2 | O41: =IF(M41=0,0,L41*MAX(R2:R8)) -> 3
A43: =A41+1 -> 18 | B43: P3 - Propuesta justificada de elementos de diseño como patrones UI o guidelines que deben ser incorporados al paso de boceto a prototipo | D43: Good | F43: =#REF!*#REF! -> #REF! | G43: =IF(#REF!>=0,10*#REF!,0) -> #REF! | K43: 4 | L43: =K43/K49 -> 0.8 | M43: =VLOOKUP(D43,Q1:R9,2,FALSE) -> 4 | N43: =M43*L43 -> 3.2 | O43: =IF(M43=0,0,L43*MAX(R2:R8)) -> 4
A45: =A43+1 -> 19 | B45: P3 - Historia del UX Case Study. El video es claro, se ajusta a tiempo y muestra de forma justificada la historia de diseño de este producto | D45: Good | F45: =#REF!*#REF! -> #REF! | G45: =IF(#REF!>=0,10*#REF!,0) -> #REF! | I45: Cuenta todo lo necesario y se ajusta bastante bien. | K45: 5 | L45: =K45/K49 -> 1 | M45: =VLOOKUP(D45,Q1:R9,2,FALSE) -> 4 | N45: =M45*L45 -> 4 | O45: =IF(M45=0,0,L45*MAX(R2:R8)) -> 5
A47: =A45+1 -> 20 | B47: P3 - Textos y descripciones de los ficheros README.md del repositorio de este equipo | D47: Moderate | F47: =#REF!*#REF! -> #REF! | G47: =IF(#REF!>=0,10*#REF!,0) -> #REF! | I47: Al readme le falta la P3, aunque está incluida el la carpeta pertinente. Por lo demás, bastante correcto. | K47: 3 | L47: =K47/K49 -> 0.6 | M47: =VLOOKUP(D47,Q1:R9,2,FALSE) -> 3 | N47: =M47*L47 -> 1.8 | O47: =IF(M47=0,0,L47*MAX(R2:R8)) -> 3
A49: Overall UX case score (out of 100) * | D49: =IF(ISERR((N49/O49)*100),"",(N49/O49)*100) -> 79.761905 | H49: =IF(D49="","","-") -> - | I49: =VLOOKUP(J49,'Rating ranges'!A2:B7,2,TRUE) -> Bueno | J49: =IF(D49="",0,D49) -> 79.761905 | K49: =MAX(K9:K47) -> 5 | N49: =SUM(N9:N47) -> 67 | O49: =SUM(O9:O47) -> 84
A51: ="* Very poor (less than "&('Rating ranges'!A4)&") - Flojísimo." -> * Very poor (less than 29) - Flojísimo.
A52: ="* Poor (between "&('Rating ranges'!A4)&" and "&('Rating ranges'!A5)&") - Flojo." -> * Poor (between 29 and 49) - Flojo.
A53: ="* Moderate (between "&('Rating ranges'!A5)&" and "&('Rating ranges'!A6)&") - Justo pero no brillante." -> * Moderate (between 49 and 69) - Justo pero no brillante.
A54: ="* Good (between "&('Rating ranges'!A6)&" and "&('Rating ranges'!A7)&") - Bueno, lo han hecho con correctitud" -> * Good (between 69 and 89) - Bueno, lo han hecho con correctitud
A55: ="* Excellent (more than "&('Rating ranges'!A7)&") - Excelente, lo tiene todo. Merece la pena fijarse en este" -> * Excellent (more than 89) - Excelente, lo tiene todo. Merece la pena fijarse en este

Sheet Rating ranges
A1: Rating below | B1: Rating | C1: Rating ranges
A2: 0 | B2: =""
A3: 1 | B3: Bastante flojo | C3: less than | D3: =A4 -> 29
A4: 29 | B4: Flojillo | C4: between | D4: =A4 -> 29 | E4: and | F4: =A5 -> 49
A5: 49 | B5: Justo pero no brillante | C5: between | D5: =A5 -> 49 | E5: and | F5: =A6 -> 69
A6: 69 | B6: Bueno | C6: between | D6: =A6 -> 69 | E6: and | F6: =A7 -> 89
A7: 89 | B7: Excelente | C7: more than | D7: =A7 -> 89
